"GEO_ID","GEO_ID_F","NAME","NAICS2017","NAICS2017_F","NAICS2017_LABEL","SEX","SEX_LABEL","ETH_GROUP","ETH_GROUP_LABEL","RACE_GROUP","RACE_GROUP_LABEL","VET_GROUP","VET_GROUP_LABEL","YEAR","FIRMPDEMP","RCPPDEMP","EMP","PAYANN","FIRMPDEMP_S","RCPPDEMP_S","EMP_S","PAYANN_S"
"id","Geo Footnote","Geographic Area Name","2017 NAICS code","2017 NAICS Footnote","Meaning of NAICS code","Sex code","Meaning of Sex code","Ethnicity code","Meaning of Ethnicity code","Race code","Meaning of Race code","Veteran code","Meaning of Veteran code","Year","Number of employer firms","Sales, value of shipments, or revenue of employer firms ($1,000)","Number of employees","Annual payroll ($1,000)","Relative standard error of employer firms (%)","Relative standard error of sales, value of shipments, or revenue of employer firms (%)","Relative standard error of number of employees (%)","Relative standard error of annual payroll (%)"
"0100000US","null","United States","44-45","null","Retail trade","001","Total","001","Total","00","Total","001","Total","2019","633160","W","15743993","470642268","1.4","S","1.3","2.2"
"0100000US","null","United States","44-45","null","Retail trade","002","Female","001","Total","00","Total","001","Total","2019","134655","W","885411","25760865","2.1","S","3.4","4.5"
"0100000US","null","United States","44-45","null","Retail trade","003","Male","001","Total","00","Total","001","Total","2019","368742","W","4512947","164917426","1.5","S","3.2","4.6"
"0100000US","null","United States","44-45","null","Retail trade","004","Equally male/female","001","Total","00","Total","001","Total","2019","121059","W","960278","27909139","1.9","S","7.4","10.1"
"0100000US","null","United States","44-45","null","Retail trade","001","Total","020","Hispanic","00","Total","001","Total","2019","30382","W","189016","5540825","4.7","S","12.2","13.8"
"0100000US","null","United States","44-45","null","Retail trade","002","Female","020","Hispanic","00","Total","001","Total","2019","8139","W","41558","1056531","7.4","S","17.7","17.1"
"0100000US","null","United States","44-45","null","Retail trade","003","Male","020","Hispanic","00","Total","001","Total","2019","17707","W","118891","3751390","8.4","S","14.5","17.5"
"0100000US","null","United States","44-45","null","Retail trade","004","Equally male/female","020","Hispanic","00","Total","001","Total","2019","4536","W","28568","732905","7.7","S","22.8","16.5"
"0100000US","null","United States","44-45","null","Retail trade","001","Total","028","Equally Hispanic/non-Hispanic","00","Total","001","Total","2019","4050","W","29497","985658","9.2","S","19.8","23.9"
"0100000US","null","United States","44-45","null","Retail trade","002","Female","028","Equally Hispanic/non-Hispanic","00","Total","001","Total","2019","S","S","500 to 999 employees","S","S","S","S","S"
"0100000US","null","United States","44-45","null","Retail trade","003","Male","028","Equally Hispanic/non-Hispanic","00","Total","001","Total","2019","723","U","3369","111595","24.8","S","47.0","47.1"
"0100000US","null","United States","44-45","null","Retail trade","004","Equally male/female","028","Equally Hispanic/non-Hispanic","00","Total","001","Total","2019","3254","W","25518","860109","8.9","S","23.2","28.8"
"0100000US","null","United States","44-45","null","Retail trade","001","Total","029","Non-Hispanic","00","Total","001","Total","2019","590025","W","6140122","212060947","1.6","S","2.9","4.0"
"0100000US","null","United States","44-45","null","Retail trade","002","Female","029","Non-Hispanic","00","Total","001","Total","2019","126445","W","843243","24690380","2.2","S","3.3","4.4"
"0100000US","null","United States","44-45","null","Retail trade","003","Male","029","Non-Hispanic","00","Total","001","Total","2019","350311","W","4390688","161054442","1.9","S","3.4","4.7"
"0100000US","null","United States","44-45","null","Retail trade","004","Equally male/female","029","Non-Hispanic","00","Total","001","Total","2019","113267","W","906191","26316125","2.0","S","7.7","10.4"
"0100000US","null","United States","44-45","null","Retail trade","001","Total","001","Total","30","White","001","Total","2019","507540","W","5724412","202223077","1.5","S","3.1","4.0"
"0100000US","null","United States","44-45","null","Retail trade","002","Female","001","Total","30","White","001","Total","2019","108501","W","759108","22559734","2.6","S","4.2","5.1"
"0100000US","null","United States","44-45","null","Retail trade","003","Male","001","Total","30","White","001","Total","2019","298895","W","4111271","154637784","1.5","S","3.5","4.7"
"0100000US","null","United States","44-45","null","Retail trade","004","Equally male/female","001","Total","30","White","001","Total","2019","100144","W","854033","25025558","2.0","S","7.1","9.8"
"0100000US","null","United States","44-45","null","Retail trade","001","Total","020","Hispanic","30","White","001","Total","2019","28699","W","179450","5292952","5.6","S","12.4","14.1"
"0100000US","null","United States","44-45","null","Retail trade","002","Female","020","Hispanic","30","White","001","Total","2019","7662","W","40020","1017687","8.6","S","18.8","17.6"
"0100000US","null","United States","44-45","null","Retail trade","003","Male","020","Hispanic","30","White","001","Total","2019","16721","W","112644","3583204","9.2","S","14.9","18.3"
"0100000US","null","United States","44-45","null","Retail trade","004","Equally male/female","020","Hispanic","30","White","001","Total","2019","4316","W","26786","692061","8.2","S","23.9","17.4"
"0100000US","null","United States","44-45","null","Retail trade","001","Total","028","Equally Hispanic/non-Hispanic","30","White","001","Total","2019","3757","W","25300","836045","11.2","S","18.2","18.0"
"0100000US","null","United States","44-45","null","Retail trade","002","Female","028","Equally Hispanic/non-Hispanic","30","White","001","Total","2019","S","S","500 to 999 employees","S","S","S","S","S"
"0100000US","null","United States","44-45","null","Retail trade","003","Male","028","Equally Hispanic/non-Hispanic","30","White","001","Total","2019","597","T","3143","104400","34.1","S","50.0","50.2"
"0100000US","null","United States","44-45","null","Retail trade","004","Equally male/female","028","Equally Hispanic/non-Hispanic","30","White","001","Total","2019","3087","W","21547","717691","9.3","S","19.6","20.8"
"0100000US","null","United States","44-45","null","Retail trade","001","Total","029","Non-Hispanic","30","White","001","Total","2019","475084","W","5519662","196094079","1.7","S","3.3","4.1"
"0100000US","null","United States","44-45","null","Retail trade","002","Female","029","Non-Hispanic","30","White","001","Total","2019","100769","W","718477","21528093","3.0","S","4.3","5.2"
"0100000US","null","United States","44-45","null","Retail trade","003","Male","029","Non-Hispanic","30","White","001","Total","2019","281575","W","3995484","150950179","1.9","S","3.7","4.9"
"0100000US","null","United States","44-45","null","Retail trade","004","Equally male/female","029","Non-Hispanic","30","White","001","Total","2019","92741","W","805701","23615807","2.2","S","7.5","10.2"
"0100000US","null","United States","44-45","null","Retail trade","001","Total","001","Total","40","Black or African American","001","Total","2019","8798","W","43288","1320899","10.5","S","12.9","13.5"
"0100000US","null","United States","44-45","null","Retail trade","002","Female","001","Total","40","Black or African American","001","Total","2019","2405","U","8874","196462","15.6","S","24.3","20.4"
"0100000US","null","United States","44-45","null","Retail trade","003","Male","001","Total","40","Black or African American","001","Total","2019","5398","W","29747","1010588","12.8","S","18.0","18.0"
"0100000US","null","United States","44-45","null","Retail trade","004","Equally male/female","001","Total","40","Black or African American","001","Total","2019","997","U","4667","113849","26.3","S","30.3","30.6"
"0100000US","null","United States","44-45","null","Retail trade","001","Total","020","Hispanic","40","Black or African American","001","Total","2019","1249","U","5278","136122","23.7","S","35.9","35.4"
"0100000US","null","United States","44-45","null","Retail trade","002","Female","020","Hispanic","40","Black or African American","001","Total","2019","S","S","1,000 to 2,499 employees","S","S","S","S","S"
"0100000US","null","United States","44-45","null","Retail trade","003","Male","020","Hispanic","40","Black or African American","001","Total","2019","696","T","3058","88150","27.0","S","49.0","41.1"
"0100000US","null","United States","44-45","null","Retail trade","004","Equally male/female","020","Hispanic","40","Black or African American","001","Total","2019","S","S","1,000 to 2,499 employees","S","S","S","S","S"
"0100000US","null","United States","44-45","null","Retail trade","001","Total","028","Equally Hispanic/non-Hispanic","40","Black or African American","001","Total","2019","D","D","0 to 19 employees","D","D","D","D","D"
"0100000US","null","United States","44-45","null","Retail trade","004","Equally male/female","028","Equally Hispanic/non-Hispanic","40","Black or African American","001","Total","2019","D","D","0 to 19 employees","D","D","D","D","D"
"0100000US","null","United States","44-45","null","Retail trade","001","Total","029","Non-Hispanic","40","Black or African American","001","Total","2019","7547","W","38005","1184318","10.6","S","15.3","15.7"
"0100000US","null","United States","44-45","null","Retail trade","002","Female","029","Non-Hispanic","40","Black or African American","001","Total","2019","2022","U","7835","172964","17.0","S","28.1","23.9"
"0100000US","null","United States","44-45","null","Retail trade","003","Male","029","Non-Hispanic","40","Black or African American","001","Total","2019","4701","W","26689","922438","12.5","S","18.8","19.2"
"0100000US","null","United States","44-45","null","Retail trade","004","Equally male/female","029","Non-Hispanic","40","Black or African American","001","Total","2019","826","T","3481","88917","35.4","S","45.7","44.9"
"0100000US","null","United States","44-45","null","Retail trade","001","Total","001","Total","50","American Indian and Alaska Native","001","Total","2019","2447","U","15445","412693","14.4","S","23.2","26.7"
"0100000US","null","United States","44-45","null","Retail trade","002","Female","001","Total","50","American Indian and Alaska Native","001","Total","2019","864","U","5303","127747","22.7","S","29.3","31.2"
"0100000US","null","United States","44-45","null","Retail trade","003","Male","001","Total","50","American Indian and Alaska Native","001","Total","2019","1374","U","8256","234829","22.6","S","38.1","39.2"
"0100000US","null","United States","44-45","null","Retail trade","004","Equally male/female","001","Total","50","American Indian and Alaska Native","001","Total","2019","207","T","1885","50118","44.8","S","61.3","54.0"
"0100000US","null","United States","44-45","null","Retail trade","001","Total","020","Hispanic","50","American Indian and Alaska Native","001","Total","2019","S","S","1,000 to 2,499 employees","S","S","S","S","S"
"0100000US","null","United States","44-45","null","Retail trade","002","Female","020","Hispanic","50","American Indian and Alaska Native","001","Total","2019","S","S","500 to 999 employees","S","S","S","S","S"
"0100000US","null","United States","44-45","null","Retail trade","003","Male","020","Hispanic","50","American Indian and Alaska Native","001","Total","2019","S","S","500 to 999 employees","S","S","S","S","S"
"0100000US","null","United States","44-45","null","Retail trade","001","Total","029","Non-Hispanic","50","American Indian and Alaska Native","001","Total","2019","2110","U","14158","379405","14.9","S","25.6","27.8"
"0100000US","null","United States","44-45","null","Retail trade","002","Female","029","Non-Hispanic","50","American Indian and Alaska Native","001","Total","2019","775","U","4611","108663","24.7","S","33.3","34.2"
"0100000US","null","United States","44-45","null","Retail trade","003","Male","029","Non-Hispanic","50","American Indian and Alaska Native","001","Total","2019","1127","U","7662","220624","23.4","S","39.9","37.6"
"0100000US","null","United States","44-45","null","Retail trade","004","Equally male/female","029","Non-Hispanic","50","American Indian and Alaska Native","001","Total","2019","207","T","1885","50118","44.8","S","61.3","54.0"
"0100000US","null","United States","44-45","null","Retail trade","001","Total","001","Total","60","Asian","001","Total","2019","105388","W","568157","14370419","3.3","S","4.1","5.5"
"0100000US","null","United States","44-45","null","Retail trade","002","Female","001","Total","60","Asian","001","Total","2019","23607","W","116164","2963632","4.8","S","5.5","6.1"
"0100000US","null","United States","44-45","null","Retail trade","003","Male","001","Total","60","Asian","001","Total","2019","64268","W","365555","9077128","4.4","S","6.0","8.9"
"0100000US","null","United States","44-45","null","Retail trade","004","Equally male/female","001","Total","60","Asian","001","Total","2019","17514","W","86438","2329658","4.3","S","12.2","18.9"
"0100000US","null","United States","44-45","null","Retail trade","001","Total","020","Hispanic","60","Asian","001","Total","2019","S","S","2,500 to 4,999 employees","S","S","S","S","S"
"0100000US","null","United States","44-45","null","Retail trade","002","Female","020","Hispanic","60","Asian","001","Total","2019","S","S","500 to 999 employees","S","S","S","S","S"
"0100000US","null","United States","44-45","null","Retail trade","003","Male","020","Hispanic","60","Asian","001","Total","2019","S","S","1,000 to 2,499 employees","S","S","S","S","S"
"0100000US","null","United States","44-45","null","Retail trade","001","Total","028","Equally Hispanic/non-Hispanic","60","Asian","001","Total","2019","S","S","2,500 to 4,999 employees","S","S","S","S","S"
"0100000US","null","United States","44-45","null","Retail trade","004","Equally male/female","028","Equally Hispanic/non-Hispanic","60","Asian","001","Total","2019","S","S","2,500 to 4,999 employees","S","S","S","S","S"
"0100000US","null","United States","44-45","null","Retail trade","001","Total","029","Non-Hispanic","60","Asian","001","Total","2019","104906","W","562668","14184080","3.3","S","3.9","5.4"
"0100000US","null","United States","44-45","null","Retail trade","002","Female","029","Non-Hispanic","60","Asian","001","Total","2019","23530","W","115600","2955051","4.9","S","5.3","6.2"
"0100000US","null","United States","44-45","null","Retail trade","003","Male","029","Non-Hispanic","60","Asian","001","Total","2019","63945","W","363349","9008748","4.5","S","6.0","9.0"
"0100000US","null","United States","44-45","null","Retail trade","004","Equally male/female","029","Non-Hispanic","60","Asian","001","Total","2019","17431","W","83718","2220280","4.4","S","13.1","20.6"
"0100000US","null","United States","44-45","null","Retail trade","001","Total","001","Total","70","Native Hawaiian and Other Pacific Islander","001","Total","2019","S","S","5,000 to 9,999 employees","S","S","S","S","S"
"0100000US","null","United States","44-45","null","Retail trade","002","Female","001","Total","70","Native Hawaiian and Other Pacific Islander","001","Total","2019","S","S","500 to 999 employees","S","S","S","S","S"
"0100000US","null","United States","44-45","null","Retail trade","003","Male","001","Total","70","Native Hawaiian and Other Pacific Islander","001","Total","2019","S","S","2,500 to 4,999 employees","S","S","S","S","S"
"0100000US","null","United States","44-45","null","Retail trade","004","Equally male/female","001","Total","70","Native Hawaiian and Other Pacific Islander","001","Total","2019","D","D","20 to 99 employees","D","D","D","D","D"
"0100000US","null","United States","44-45","null","Retail trade","001","Total","020","Hispanic","70","Native Hawaiian and Other Pacific Islander","001","Total","2019","S","S","1,000 to 2,499 employees","S","S","S","S","S"
"0100000US","null","United States","44-45","null","Retail trade","003","Male","020","Hispanic","70","Native Hawaiian and Other Pacific Islander","001","Total","2019","S","S","1,000 to 2,499 employees","S","S","S","S","S"
"0100000US","null","United States","44-45","null","Retail trade","004","Equally male/female","020","Hispanic","70","Native Hawaiian and Other Pacific Islander","001","Total","2019","D","D","20 to 99 employees","D","D","D","D","D"
"0100000US","null","United States","44-45","null","Retail trade","001","Total","029","Non-Hispanic","70","Native Hawaiian and Other Pacific Islander","001","Total","2019","S","S","2,500 to 4,999 employees","S","S","S","S","S"
"0100000US","null","United States","44-45","null","Retail trade","002","Female","029","Non-Hispanic","70","Native Hawaiian and Other Pacific Islander","001","Total","2019","S","S","500 to 999 employees","S","S","S","S","S"
"0100000US","null","United States","44-45","null","Retail trade","003","Male","029","Non-Hispanic","70","Native Hawaiian and Other Pacific Islander","001","Total","2019","S","S","2,500 to 4,999 employees","S","S","S","S","S"
"0100000US","null","United States","44-45","null","Retail trade","004","Equally male/female","029","Non-Hispanic","70","Native Hawaiian and Other Pacific Islander","001","Total","2019","D","D","0 to 19 employees","D","D","D","D","D"
"0100000US","null","United States","44-45","null","Retail trade","001","Total","001","Total","90","Minority","001","Total","2019","145733","W","811252","21558060","2.9","S","4.8","6.6"
"0100000US","null","United States","44-45","null","Retail trade","002","Female","001","Total","90","Minority","001","Total","2019","34553","W","170076","4298931","4.7","S","7.2","7.3"
"0100000US","null","United States","44-45","null","Retail trade","003","Male","001","Total","90","Minority","001","Total","2019","87834","W","519007","14009842","3.7","S","5.5","8.5"
"0100000US","null","United States","44-45","null","Retail trade","004","Equally male/female","001","Total","90","Minority","001","Total","2019","23346","W","122168","3249287","3.3","S","13.0","16.3"
"0100000US","null","United States","44-45","null","Retail trade","001","Total","001","Total","91","Equally minority/nonminority","001","Total","2019","8375","W","54494","1728366","7.4","S","16.6","20.5"
"0100000US","null","United States","44-45","null","Retail trade","002","Female","001","Total","91","Equally minority/nonminority","001","Total","2019","S","S","2,500 to 4,999 employees","S","S","S","S","S"
"0100000US","null","United States","44-45","null","Retail trade","003","Male","001","Total","91","Equally minority/nonminority","001","Total","2019","1522","U","9103","292109","12.1","S","23.1","27.0"
"0100000US","null","United States","44-45","null","Retail trade","004","Equally male/female","001","Total","91","Equally minority/nonminority","001","Total","2019","6431","W","41301","1315820","7.5","S","17.0","21.0"
"0100000US","null","United States","44-45","null","Retail trade","001","Total","001","Total","92","Nonminority","001","Total","2019","470346","W","5492891","195301004","1.7","S","3.2","4.2"
"0100000US","null","United States","44-45","null","Retail trade","002","Female","001","Total","92","Nonminority","001","Total","2019","99681","W","711245","21341497","2.8","S","4.2","5.0"
"0100000US","null","United States","44-45","null","Retail trade","003","Male","001","Total","92","Nonminority","001","Total","2019","279384","W","3984837","150615474","1.9","S","3.7","4.9"
"0100000US","null","United States","44-45","null","Retail trade","004","Equally male/female","001","Total","92","Nonminority","001","Total","2019","91281","W","796809","23344032","2.1","S","7.4","10.2"
"0100000US","null","United States","44-45","null","Retail trade","001","Total","001","Total","00","Total","002","Veteran","2019","29671","W","386688","14948935","4.8","S","10.2","12.8"
"0100000US","null","United States","44-45","null","Retail trade","002","Female","001","Total","00","Total","002","Veteran","2019","S","S","5,000 to 9,999 employees","S","S","S","S","S"
"0100000US","null","United States","44-45","null","Retail trade","003","Male","001","Total","00","Total","002","Veteran","2019","28313","W","377955","14709450","5.0","S","10.0","12.6"
"0100000US","null","United States","44-45","null","Retail trade","004","Equally male/female","001","Total","00","Total","002","Veteran","2019","S","S","1,000 to 2,499 employees","S","S","S","S","S"
"0100000US","null","United States","44-45","null","Retail trade","001","Total","020","Hispanic","00","Total","002","Veteran","2019","S","S","2,500 to 4,999 employees","S","S","S","S","S"
"0100000US","null","United States","44-45","null","Retail trade","002","Female","020","Hispanic","00","Total","002","Veteran","2019","D","D","500 to 999 employees","D","D","D","D","D"
"0100000US","null","United States","44-45","null","Retail trade","003","Male","020","Hispanic","00","Total","002","Veteran","2019","S","S","2,500 to 4,999 employees","S","S","S","S","S"
"0100000US","null","United States","44-45","null","Retail trade","001","Total","028","Equally Hispanic/non-Hispanic","00","Total","002","Veteran","2019","D","D","250 to 499 employees","D","D","D","D","D"
"0100000US","null","United States","44-45","null","Retail trade","003","Male","028","Equally Hispanic/non-Hispanic","00","Total","002","Veteran","2019","D","D","250 to 499 employees","D","D","D","D","D"
"0100000US","null","United States","44-45","null","Retail trade","001","Total","029","Non-Hispanic","00","Total","002","Veteran","2019","28813","W","381773","14758358","5.2","S","10.5","13.4"
"0100000US","null","United States","44-45","null","Retail trade","002","Female","029","Non-Hispanic","00","Total","002","Veteran","2019","S","S","5,000 to 9,999 employees","S","S","S","S","S"
"0100000US","null","United States","44-45","null","Retail trade","003","Male","029","Non-Hispanic","00","Total","002","Veteran","2019","27485","W","373728","14530817","5.3","S","10.2","13.1"
"0100000US","null","United States","44-45","null","Retail trade","004","Equally male/female","029","Non-Hispanic","00","Total","002","Veteran","2019","S","S","1,000 to 2,499 employees","S","S","S","S","S"
"0100000US","null","United States","44-45","null","Retail trade","001","Total","001","Total","30","White","002","Veteran","2019","28550","W","379778","14760216","4.7","S","10.4","13.0"
"0100000US","null","United States","44-45","null","Retail trade","002","Female","001","Total","30","White","002","Veteran","2019","S","S","5,000 to 9,999 employees","S","S","S","S","S"
"0100000US","null","United States","44-45","null","Retail trade","003","Male","001","Total","30","White","002","Veteran","2019","27454","W","371787","14534958","4.9","S","10.1","12.8"
"0100000US","null","United States","44-45","null","Retail trade","004","Equally male/female","001","Total","30","White","002","Veteran","2019","S","S","1,000 to 2,499 employees","S","S","S","S","S"
"0100000US","null","United States","44-45","null","Retail trade","001","Total","020","Hispanic","30","White","002","Veteran","2019","S","S","2,500 to 4,999 employees","S","S","S","S","S"
"0100000US","null","United States","44-45","null","Retail trade","001","Total","028","Equally Hispanic/non-Hispanic","30","White","002","Veteran","2019","D","D","250 to 499 employees","D","D","D","D","D"
"0100000US","null","United States","44-45","null","Retail trade","001","Total","029","Non-Hispanic","30","White","002","Veteran","2019","27692","W","374863","14569639","5.1","S","10.7","13.6"
"0100000US","null","United States","44-45","null","Retail trade","001","Total","001","Total","40","Black or African American","002","Veteran","2019","690","U","4422","129803","24.9","S","40.2","35.4"
"0100000US","null","United States","44-45","null","Retail trade","002","Female","001","Total","40","Black or African American","002","Veteran","2019","S","S","250 to 499 employees","S","S","S","S","S"
"0100000US","null","United States","44-45","null","Retail trade","003","Male","001","Total","40","Black or African American","002","Veteran","2019","582","U","4095","125076","31.4","S","45.6","37.8"
"0100000US","null","United States","44-45","null","Retail trade","001","Total","020","Hispanic","40","Black or African American","002","Veteran","2019","S","S","500 to 999 employees","S","S","S","S","S"
"0100000US","null","United States","44-45","null","Retail trade","001","Total","029","Non-Hispanic","40","Black or African American","002","Veteran","2019","594","U","3695","111588","25.6","S","44.1","40.4"
"0100000US","null","United States","44-45","null","Retail trade","001","Total","001","Total","50","American Indian and Alaska Native","002","Veteran","2019","170","R","1456","21321","42.7","S","53.0","51.4"
"0100000US","null","United States","44-45","null","Retail trade","002","Female","001","Total","50","American Indian and Alaska Native","002","Veteran","2019","S","S","1,000 to 2,499 employees","S","S","S","S","S"
"0100000US","null","United States","44-45","null","Retail trade","003","Male","001","Total","50","American Indian and Alaska Native","002","Veteran","2019","68","O","329","7481","80.2","S","89.2","48.3"
"0100000US","null","United States","44-45","null","Retail trade","001","Total","029","Non-Hispanic","50","American Indian and Alaska Native","002","Veteran","2019","170","R","1456","21321","42.7","S","53.0","51.4"
"0100000US","null","United States","44-45","null","Retail trade","001","Total","001","Total","60","Asian","002","Veteran","2019","705","T","3562","102775","32.4","S","38.7","48.6"
"0100000US","null","United States","44-45","null","Retail trade","002","Female","001","Total","60","Asian","002","Veteran","2019","S","S","100 to 249 employees","S","S","S","S","S"
"0100000US","null","United States","44-45","null","Retail trade","003","Male","001","Total","60","Asian","002","Veteran","2019","608","T","3434","100444","34.8","S","39.6","49.7"
"0100000US","null","United States","44-45","null","Retail trade","001","Total","029","Non-Hispanic","60","Asian","002","Veteran","2019","705","T","3562","102775","32.4","S","38.7","48.6"
"0100000US","null","United States","44-45","null","Retail trade","001","Total","001","Total","70","Native Hawaiian and Other Pacific Islander","002","Veteran","2019","S","S","250 to 499 employees","S","S","S","S","S"
"0100000US","null","United States","44-45","null","Retail trade","003","Male","001","Total","70","Native Hawaiian and Other Pacific Islander","002","Veteran","2019","S","S","250 to 499 employees","S","S","S","S","S"
"0100000US","null","United States","44-45","null","Retail trade","001","Total","029","Non-Hispanic","70","Native Hawaiian and Other Pacific Islander","002","Veteran","2019","S","S","250 to 499 employees","S","S","S","S","S"
"0100000US","null","United States","44-45","null","Retail trade","001","Total","001","Total","90","Minority","002","Veteran","2019","2359","U","13913","436796","14.6","S","27.6","30.0"
"0100000US","null","United States","44-45","null","Retail trade","001","Total","001","Total","91","Equally minority/nonminority","002","Veteran","2019","D","D","250 to 499 employees","D","D","D","D","D"
"0100000US","null","United States","44-45","null","Retail trade","001","Total","001","Total","92","Nonminority","002","Veteran","2019","27282","W","372505","14499390","5.1","S","10.9","13.8"
"0100000US","null","United States","44-45","null","Retail trade","001","Total","001","Total","00","Total","003","Equally veteran/nonveteran","2019","18693","W","157466","4652254","6.7","S","13.5","18.2"
"0100000US","null","United States","44-45","null","Retail trade","003","Male","001","Total","00","Total","003","Equally veteran/nonveteran","2019","4502","W","42597","1421295","13.6","S","27.1","27.2"
"0100000US","null","United States","44-45","null","Retail trade","004","Equally male/female","001","Total","00","Total","003","Equally veteran/nonveteran","2019","14190","W","114869","3230959","6.4","S","14.1","19.0"
"0100000US","null","United States","44-45","null","Retail trade","001","Total","020","Hispanic","00","Total","003","Equally veteran/nonveteran","2019","S","S","1,000 to 2,499 employees","S","S","S","S","S"
"0100000US","null","United States","44-45","null","Retail trade","003","Male","020","Hispanic","00","Total","003","Equally veteran/nonveteran","2019","S","S","500 to 999 employees","S","S","S","S","S"
"0100000US","null","United States","44-45","null","Retail trade","004","Equally male/female","020","Hispanic","00","Total","003","Equally veteran/nonveteran","2019","S","S","500 to 999 employees","S","S","S","S","S"
"0100000US","null","United States","44-45","null","Retail trade","001","Total","028","Equally Hispanic/non-Hispanic","00","Total","003","Equally veteran/nonveteran","2019","S","S","1,000 to 2,499 employees","S","S","S","S","S"
"0100000US","null","United States","44-45","null","Retail trade","003","Male","028","Equally Hispanic/non-Hispanic","00","Total","003","Equally veteran/nonveteran","2019","47","M","119","6069","103.6","S","59.4","49.3"
"0100000US","null","United States","44-45","null","Retail trade","004","Equally male/female","028","Equally Hispanic/non-Hispanic","00","Total","003","Equally veteran/nonveteran","2019","S","S","1,000 to 2,499 employees","S","S","S","S","S"
"0100000US","null","United States","44-45","null","Retail trade","001","Total","029","Non-Hispanic","00","Total","003","Equally veteran/nonveteran","2019","18017","W","154690","4566038","7.3","S","13.6","18.2"
"0100000US","null","United States","44-45","null","Retail trade","003","Male","029","Non-Hispanic","00","Total","003","Equally veteran/nonveteran","2019","4333","W","41846","1379355","15.1","S","27.6","28.2"
"0100000US","null","United States","44-45","null","Retail trade","004","Equally male/female","029","Non-Hispanic","00","Total","003","Equally veteran/nonveteran","2019","13683","W","112844","3186683","7.1","S","14.5","19.2"
"0100000US","null","United States","44-45","null","Retail trade","001","Total","001","Total","30","White","003","Equally veteran/nonveteran","2019","17936","W","153561","4554782","6.8","S","13.8","18.6"
"0100000US","null","United States","44-45","null","Retail trade","003","Male","001","Total","30","White","003","Equally veteran/nonveteran","2019","4400","W","41666","1386315","13.6","S","27.9","28.1"
"0100000US","null","United States","44-45","null","Retail trade","004","Equally male/female","001","Total","30","White","003","Equally veteran/nonveteran","2019","13534","W","111895","3168468","6.1","S","14.3","19.4"
"0100000US","null","United States","44-45","null","Retail trade","001","Total","020","Hispanic","30","White","003","Equally veteran/nonveteran","2019","S","S","1,000 to 2,499 employees","S","S","S","S","S"
"0100000US","null","United States","44-45","null","Retail trade","001","Total","028","Equally Hispanic/non-Hispanic","30","White","003","Equally veteran/nonveteran","2019","S","S","1,000 to 2,499 employees","S","S","S","S","S"
"0100000US","null","United States","44-45","null","Retail trade","001","Total","029","Non-Hispanic","30","White","003","Equally veteran/nonveteran","2019","17260","W","150837","4469490","7.5","S","13.9","18.7"
"0100000US","null","United States","44-45","null","Retail trade","001","Total","001","Total","40","Black or African American","003","Equally veteran/nonveteran","2019","S","S","500 to 999 employees","S","S","S","S","S"
"0100000US","null","United States","44-45","null","Retail trade","004","Equally male/female","001","Total","40","Black or African American","003","Equally veteran/nonveteran","2019","S","S","500 to 999 employees","S","S","S","S","S"
"0100000US","null","United States","44-45","null","Retail trade","001","Total","029","Non-Hispanic","40","Black or African American","003","Equally veteran/nonveteran","2019","S","S","500 to 999 employees","S","S","S","S","S"
"0100000US","null","United States","44-45","null","Retail trade","001","Total","001","Total","50","American Indian and Alaska Native","003","Equally veteran/nonveteran","2019","D","D","0 to 19 employees","D","D","D","D","D"
"0100000US","null","United States","44-45","null","Retail trade","004","Equally male/female","001","Total","50","American Indian and Alaska Native","003","Equally veteran/nonveteran","2019","D","D","0 to 19 employees","D","D","D","D","D"
"0100000US","null","United States","44-45","null","Retail trade","001","Total","029","Non-Hispanic","50","American Indian and Alaska Native","003","Equally veteran/nonveteran","2019","D","D","0 to 19 employees","D","D","D","D","D"
"0100000US","null","United States","44-45","null","Retail trade","001","Total","001","Total","60","Asian","003","Equally veteran/nonveteran","2019","S","S","500 to 999 employees","S","S","S","S","S"
"0100000US","null","United States","44-45","null","Retail trade","003","Male","001","Total","60","Asian","003","Equally veteran/nonveteran","2019","D","D","250 to 499 employees","D","D","D","D","D"
"0100000US","null","United States","44-45","null","Retail trade","004","Equally male/female","001","Total","60","Asian","003","Equally veteran/nonveteran","2019","S","S","500 to 999 employees","S","S","S","S","S"
"0100000US","null","United States","44-45","null","Retail trade","001","Total","029","Non-Hispanic","60","Asian","003","Equally veteran/nonveteran","2019","S","S","500 to 999 employees","S","S","S","S","S"
"0100000US","null","United States","44-45","null","Retail trade","001","Total","001","Total","70","Native Hawaiian and Other Pacific Islander","003","Equally veteran/nonveteran","2019","D","D","0 to 19 employees","D","D","D","D","D"
"0100000US","null","United States","44-45","null","Retail trade","004","Equally male/female","001","Total","70","Native Hawaiian and Other Pacific Islander","003","Equally veteran/nonveteran","2019","D","D","0 to 19 employees","D","D","D","D","D"
"0100000US","null","United States","44-45","null","Retail trade","001","Total","029","Non-Hispanic","70","Native Hawaiian and Other Pacific Islander","003","Equally veteran/nonveteran","2019","D","D","0 to 19 employees","D","D","D","D","D"
"0100000US","null","United States","44-45","null","Retail trade","001","Total","001","Total","90","Minority","003","Equally veteran/nonveteran","2019","S","S","2,500 to 4,999 employees","S","S","S","S","S"
"0100000US","null","United States","44-45","null","Retail trade","001","Total","001","Total","91","Equally minority/nonminority","003","Equally veteran/nonveteran","2019","982","T","3956","106103","26.9","S","30.9","25.5"
"0100000US","null","United States","44-45","null","Retail trade","001","Total","001","Total","92","Nonminority","003","Equally veteran/nonveteran","2019","17092","W","150585","4462203","7.5","S","13.9","18.7"
"0100000US","null","United States","44-45","null","Retail trade","001","Total","001","Total","00","Total","004","Nonveteran","2019","576095","W","5814482","198986241","1.4","S","3.0","4.2"
"0100000US","null","United States","44-45","null","Retail trade","002","Female","001","Total","00","Total","004","Nonveteran","2019","133592","W","878219","25547763","2.0","S","3.6","4.8"
"0100000US","null","United States","44-45","null","Retail trade","003","Male","001","Total","00","Total","004","Nonveteran","2019","335927","W","4092395","148786682","1.5","S","3.1","4.5"
"0100000US","null","United States","44-45","null","Retail trade","004","Equally male/female","001","Total","00","Total","004","Nonveteran","2019","106574","W","843867","24651797","1.9","S","8.4","11.1"
"0100000US","null","United States","44-45","null","Retail trade","001","Total","020","Hispanic","00","Total","004","Nonveteran","2019","29279","W","183228","5319169","5.0","S","12.3","14.5"
"0100000US","null","United States","44-45","null","Retail trade","002","Female","020","Hispanic","00","Total","004","Nonveteran","2019","8109","W","40869","1044587","7.4","S","17.3","16.7"
"0100000US","null","United States","44-45","null","Retail trade","003","Male","020","Hispanic","00","Total","004","Nonveteran","2019","16787","W","114303","3549636","8.8","S","14.8","19.1"
"0100000US","null","United States","44-45","null","Retail trade","004","Equally male/female","020","Hispanic","00","Total","004","Nonveteran","2019","4383","W","28057","724947","6.9","S","23.9","17.3"
"0100000US","null","United States","44-45","null","Retail trade","001","Total","028","Equally Hispanic/non-Hispanic","00","Total","004","Nonveteran","2019","3619","W","27594","930521","9.8","S","20.0","23.7"
"0100000US","null","United States","44-45","null","Retail trade","002","Female","028","Equally Hispanic/non-Hispanic","00","Total","004","Nonveteran","2019","S","S","500 to 999 employees","S","S","S","S","S"
"0100000US","null","United States","44-45","null","Retail trade","003","Male","028","Equally Hispanic/non-Hispanic","00","Total","004","Nonveteran","2019","645","T","2979","92776","23.4","S","43.3","45.4"
"0100000US","null","United States","44-45","null","Retail trade","004","Equally male/female","028","Equally Hispanic/non-Hispanic","00","Total","004","Nonveteran","2019","2900","W","24004","823791","10.5","S","22.6","27.6"
"0100000US","null","United States","44-45","null","Retail trade","001","Total","029","Non-Hispanic","00","Total","004","Nonveteran","2019","543197","W","5603660","192736551","1.6","S","3.1","4.2"
"0100000US","null","United States","44-45","null","Retail trade","002","Female","029","Non-Hispanic","00","Total","004","Nonveteran","2019","125412","W","836740","24489222","2.1","S","3.5","4.7"
"0100000US","null","United States","44-45","null","Retail trade","003","Male","029","Non-Hispanic","00","Total","004","Nonveteran","2019","318493","W","3975113","145144270","1.9","S","3.3","4.5"
"0100000US","null","United States","44-45","null","Retail trade","004","Equally male/female","029","Non-Hispanic","00","Total","004","Nonveteran","2019","99290","W","791806","23103059","1.9","S","8.9","11.7"
"0100000US","null","United States","44-45","null","Retail trade","001","Total","001","Total","30","White","004","Nonveteran","2019","461056","W","5191073","182908078","1.6","S","3.4","4.4"
"0100000US","null","United States","44-45","null","Retail trade","002","Female","001","Total","30","White","004","Nonveteran","2019","107639","W","752208","22350510","2.6","S","4.4","5.5"
"0100000US","null","United States","44-45","null","Retail trade","003","Male","001","Total","30","White","004","Nonveteran","2019","267041","W","3697818","138716511","1.5","S","3.5","4.7"
"0100000US","null","United States","44-45","null","Retail trade","004","Equally male/female","001","Total","30","White","004","Nonveteran","2019","86377","W","741047","21841057","2.1","S","8.4","11.1"
"0100000US","null","United States","44-45","null","Retail trade","001","Total","020","Hispanic","30","White","004","Nonveteran","2019","27596","W","173662","5071296","5.9","S","12.6","14.7"
"0100000US","null","United States","44-45","null","Retail trade","001","Total","028","Equally Hispanic/non-Hispanic","30","White","004","Nonveteran","2019","3327","W","23448","781832","11.5","S","19.0","17.4"
"0100000US","null","United States","44-45","null","Retail trade","001","Total","029","Non-Hispanic","30","White","004","Nonveteran","2019","430134","W","4993962","177054950","1.8","S","3.6","4.4"
"0100000US","null","United States","44-45","null","Retail trade","001","Total","001","Total","40","Black or African American","004","Nonveteran","2019","7906","W","38093","1179095","11.8","S","15.6","15.2"
"0100000US","null","United States","44-45","null","Retail trade","002","Female","001","Total","40","Black or African American","004","Nonveteran","2019","2297","U","8547","191735","14.0","S","23.3","20.4"
"0100000US","null","United States","44-45","null","Retail trade","003","Male","001","Total","40","Black or African American","004","Nonveteran","2019","4815","W","25652","885511","14.4","S","19.8","19.7"
"0100000US","null","United States","44-45","null","Retail trade","004","Equally male/female","001","Total","40","Black or African American","004","Nonveteran","2019","794","T","3894","101848","29.5","S","38.1","35.9"
"0100000US","null","United States","44-45","null","Retail trade","001","Total","020","Hispanic","40","Black or African American","004","Nonveteran","2019","1152","U","4551","117907","24.7","S","38.6","37.4"
"0100000US","null","United States","44-45","null","Retail trade","001","Total","028","Equally Hispanic/non-Hispanic","40","Black or African American","004","Nonveteran","2019","D","D","0 to 19 employees","D","D","D","D","D"
"0100000US","null","United States","44-45","null","Retail trade","001","Total","029","Non-Hispanic","40","Black or African American","004","Nonveteran","2019","6752","W","33536","1060728","11.7","S","18.3","17.7"
"0100000US","null","United States","44-45","null","Retail trade","001","Total","001","Total","50","American Indian and Alaska Native","004","Nonveteran","2019","2276","U","13986","391359","17.0","S","25.8","28.6"
"0100000US","null","United States","44-45","null","Retail trade","002","Female","001","Total","50","American Indian and Alaska Native","004","Nonveteran","2019","762","U","4177","113906","23.9","S","33.1","35.1"
"0100000US","null","United States","44-45","null","Retail trade","003","Male","001","Total","50","American Indian and Alaska Native","004","Nonveteran","2019","1307","U","7927","227348","25.8","S","40.2","41.0"
"0100000US","null","United States","44-45","null","Retail trade","004","Equally male/female","001","Total","50","American Indian and Alaska Native","004","Nonveteran","2019","205","T","1883","50105","44.5","S","61.3","54.0"
"0100000US","null","United States","44-45","null","Retail trade","001","Total","020","Hispanic","50","American Indian and Alaska Native","004","Nonveteran","2019","S","S","1,000 to 2,499 employees","S","S","S","S","S"
"0100000US","null","United States","44-45","null","Retail trade","001","Total","029","Non-Hispanic","50","American Indian and Alaska Native","004","Nonveteran","2019","1939","U","12700","358071","17.7","S","28.5","29.8"
"0100000US","null","United States","44-45","null","Retail trade","001","Total","001","Total","60","Asian","004","Nonveteran","2019","104561","W","563605","14239727","3.3","S","4.1","5.6"
"0100000US","null","United States","44-45","null","Retail trade","002","Female","001","Total","60","Asian","004","Nonveteran","2019","23510","W","116036","2961301","5.0","S","5.5","6.2"
"0100000US","null","United States","44-45","null","Retail trade","003","Male","001","Total","60","Asian","004","Nonveteran","2019","63599","W","361701","8961359","4.4","S","6.2","9.2"
"0100000US","null","United States","44-45","null","Retail trade","004","Equally male/female","001","Total","60","Asian","004","Nonveteran","2019","17453","W","85868","2317067","4.6","S","12.4","19.0"
"0100000US","null","United States","44-45","null","Retail trade","001","Total","020","Hispanic","60","Asian","004","Nonveteran","2019","S","S","2,500 to 4,999 employees","S","S","S","S","S"
"0100000US","null","United States","44-45","null","Retail trade","001","Total","028","Equally Hispanic/non-Hispanic","60","Asian","004","Nonveteran","2019","S","S","2,500 to 4,999 employees","S","S","S","S","S"
"0100000US","null","United States","44-45","null","Retail trade","001","Total","029","Non-Hispanic","60","Asian","004","Nonveteran","2019","104079","W","558116","14053388","3.3","S","4.0","5.6"
"0100000US","null","United States","44-45","null","Retail trade","001","Total","001","Total","70","Native Hawaiian and Other Pacific Islander","004","Nonveteran","2019","S","S","2,500 to 4,999 employees","S","S","S","S","S"
"0100000US","null","United States","44-45","null","Retail trade","002","Female","001","Total","70","Native Hawaiian and Other Pacific Islander","004","Nonveteran","2019","S","S","500 to 999 employees","S","S","S","S","S"
"0100000US","null","United States","44-45","null","Retail trade","003","Male","001","Total","70","Native Hawaiian and Other Pacific Islander","004","Nonveteran","2019","S","S","2,500 to 4,999 employees","S","S","S","S","S"
"0100000US","null","United States","44-45","null","Retail trade","004","Equally male/female","001","Total","70","Native Hawaiian and Other Pacific Islander","004","Nonveteran","2019","D","D","20 to 99 employees","D","D","D","D","D"
"0100000US","null","United States","44-45","null","Retail trade","001","Total","020","Hispanic","70","Native Hawaiian and Other Pacific Islander","004","Nonveteran","2019","S","S","1,000 to 2,499 employees","S","S","S","S","S"
"0100000US","null","United States","44-45","null","Retail trade","001","Total","029","Non-Hispanic","70","Native Hawaiian and Other Pacific Islander","004","Nonveteran","2019","S","S","2,500 to 4,999 employees","S","S","S","S","S"
"0100000US","null","United States","44-45","null","Retail trade","001","Total","001","Total","90","Minority","004","Nonveteran","2019","142757","W","794413","21037317","3.1","S","4.8","6.7"
"0100000US","null","United States","44-45","null","Retail trade","001","Total","001","Total","91","Equally minority/nonminority","004","Nonveteran","2019","7363","W","50268","1609514","8.3","S","18.0","21.9"
"0100000US","null","United States","44-45","null","Retail trade","001","Total","001","Total","92","Nonminority","004","Nonveteran","2019","425973","W","4969801","176339410","1.8","S","3.6","4.4"
"0100000US","null","United States","44-45","null","Retail trade","096","Classifiable","096","Classifiable","96","Classifiable","096","Classifiable","2019","624457","W","6358636","218587430","1.4","S","2.9","3.9"
"0100000US","null","United States","44-45","null","Retail trade","098","Unclassifiable","098","Unclassifiable","98","Unclassifiable","098","Unclassifiable","2019","8704","W","9385357","252054837","6.4","S","0.6","1.2"
